PCT,CRIME,2000,2001,2002,2003,2004,2005,2006,2007,2008,2009,2010,2011,2012,2013,2014,SUM
1,MURDER & NON NEGL. MANSLAUGHTER                                ,3,1,2,2,2,0,1,0,1,2,2,0,1,0,0,17
1,RAPE                                  ,12,5,10,11,11,5,4,7,12,4,6,13,10,12,8,130
1,ROBBERY                               ,252,188,210,164,154,172,119,128,108,106,96,102,81,68,50,1998
1,FELONY ASSAULT                        ,139,164,147,134,129,121,94,90,83,83,68,94,110,87,76,1619
1,BURGLARY                              ,475,437,297,403,246,293,255,231,189,207,170,155,188,171,145,3862
1,GRAND LARCENY                         ,2358,2117,1896,1803,1708,1624,1462,1395,1258,1122,1065,979,985,1051,896,21719
1,GRAND LARCENY OF MOTOR VEHICLE                                  ,199,157,153,132,133,90,78,63,57,54,38,59,41,27,33,1314
1,TOTAL SEVEN MAJOR FELONY OFFENSES,3438,3069,2715,2649,2383,2305,2013,1914,1708,1578,1445,1402,1416,1416,1208,30659
5,MURDER & NON NEGL. MANSLAUGHTER                                ,4,3,0,3,1,4,2,2,2,1,1,0,3,3,2,31
5,RAPE                                  ,9,3,12,7,7,13,5,4,2,6,10,11,12,5,4,110
5,ROBBERY                               ,351,261,196,148,136,134,132,151,131,125,106,127,122,102,76,2298
5,FELONY ASSAULT                        ,190,147,108,100,95,80,104,129,151,153,128,117,157,167,125,1951
5,BURGLARY                              ,285,247,212,215,173,158,152,122,150,141,127,120,138,92,101,2433
5,GRAND LARCENY                         ,824,697,687,681,688,674,605,582,573,528,582,560,548,599,536,9364
5,GRAND LARCENY OF MOTOR VEHICLE                                  ,117,100,94,77,70,68,40,41,20,21,15,27,21,12,26,749
5,TOTAL SEVEN MAJOR FELONY OFFENSES,1780,1458,1309,1231,1170,1131,1040,1031,1029,975,969,962,1001,980,870,16936
6,MURDER & NON NEGL. MANSLAUGHTER                                ,0,1,0,1,3,1,3,5,0,1,1,1,1,2,2,22
6,RAPE                                  ,7,5,7,11,7,12,6,7,5,9,13,15,15,8,11,138
6,ROBBERY                               ,378,293,313,249,257,228,214,207,187,147,148,155,148,140,99,3163
6,FELONY ASSAULT                        ,169,132,92,121,96,102,123,127,93,106,94,111,111,135,128,1740
6,BURGLARY                              ,277,294,299,277,339,305,280,203,282,232,176,182,140,132,163,3581
6,GRAND LARCENY                         ,1393,1245,1164,1233,1344,1326,1283,1214,1131,1100,1053,992,1124,1253,1127,17982
6,GRAND LARCENY OF MOTOR VEHICLE                                  ,163,171,184,176,128,81,70,74,40,38,45,48,35,33,45,1331
6,TOTAL SEVEN MAJOR FELONY OFFENSES,2387,2141,2059,2068,2174,2055,1979,1837,1738,1633,1530,1504,1574,1703,1575,27957
7,MURDER & NON NEGL. MANSLAUGHTER                                ,0,3,5,6,3,7,4,2,3,2,1,5,0,1,0,42
7,RAPE                                  ,14,12,8,11,8,10,7,7,11,11,11,14,19,6,7,156
7,ROBBERY                               ,279,214,190,191,212,200,176,222,182,158,130,127,147,145,115,2688
7,FELONY ASSAULT                        ,139,127,130,131,122,95,105,123,91,134,126,119,122,106,153,1823
7,BURGLARY                              ,149,181,170,157,118,101,127,118,104,75,101,83,92,67,56,1699
7,GRAND LARCENY                         ,258,233,243,245,269,309,362,328,340,275,284,316,350,362,372,4546
7,GRAND LARCENY OF MOTOR VEHICLE                                  ,151,122,162,123,125,82,83,56,76,47,49,40,32,24,29,1201
7,TOTAL SEVEN MAJOR FELONY OFFENSES,990,892,908,864,857,804,864,856,807,702,702,704,762,711,732,12155
9,MURDER & NON NEGL. MANSLAUGHTER                                ,3,2,1,3,4,2,1,0,3,4,4,1,1,2,2,33
9,RAPE                                  ,12,11,18,15,22,20,14,15,9,16,14,13,15,18,22,234
9,ROBBERY                               ,332,251,263,264,210,264,252,207,224,197,189,186,177,137,110,3263
9,FELONY ASSAULT                        ,249,203,203,173,156,173,165,179,152,157,151,141,172,152,152,2578
9,BURGLARY                              ,347,317,340,354,382,286,297,210,225,284,220,209,193,165,138,3967
9,GRAND LARCENY                         ,1012,742,811,839,835,797,775,819,797,807,759,750,802,904,876,12325
9,GRAND LARCENY OF MOTOR VEHICLE                                  ,160,146,173,153,138,122,75,89,85,58,50,50,59,46,31,1435
9,TOTAL SEVEN MAJOR FELONY OFFENSES,2115,1672,1809,1801,1747,1664,1579,1519,1495,1523,1387,1350,1419,1424,1331,23835
10,MURDER & NON NEGL. MANSLAUGHTER                                ,2,3,2,2,5,4,4,0,4,1,2,3,3,1,0,36
10,RAPE                                  ,10,7,2,20,18,16,10,8,9,6,10,13,10,12,7,158
10,ROBBERY                               ,191,136,156,207,175,180,174,149,159,131,114,137,114,110,89,2222
10,FELONY ASSAULT                        ,140,97,89,137,152,119,151,161,170,121,131,93,81,98,110,1850
10,BURGLARY                              ,184,106,144,225,195,178,179,110,131,98,99,118,89,101,72,2029
10,GRAND LARCENY                         ,680,401,306,698,799,827,860,833,789,728,651,627,764,762,709,10434
10,GRAND LARCENY OF MOTOR VEHICLE                                  ,191,127,132,147,122,94,91,65,59,48,42,46,27,39,35,1265
10,TOTAL SEVEN MAJOR FELONY OFFENSES,1398,877,831,1436,1466,1418,1469,1326,1321,1133,1049,1037,1088,1123,1022,17994
13,MURDER & NON NEGL. MANSLAUGHTER                                ,2,2,2,4,3,3,2,3,1,1,3,2,1,1,0,30
13,RAPE                                  ,8,13,26,20,21,11,9,6,11,9,13,17,17,11,12,204
13,ROBBERY                               ,341,312,332,308,301,299,311,247,234,199,192,187,183,124,144,3714
13,FELONY ASSAULT                        ,233,177,199,150,192,173,149,206,188,163,140,126,129,135,174,2534
13,BURGLARY                              ,587,560,636,559,431,416,443,354,359,354,252,245,188,214,245,5843
13,GRAND LARCENY                         ,1848,1758,1779,1800,1963,1787,1708,1644,1642,1595,1481,1424,1467,1615,1433,24944
13,GRAND LARCENY OF MOTOR VEHICLE                                  ,298,232,171,190,160,123,94,80,83,68,55,43,37,52,53,1739
13,TOTAL SEVEN MAJOR FELONY OFFENSES,3317,3054,3145,3031,3071,2812,2716,2540,2518,2389,2136,2044,2022,2152,2061,39008
14,MURDER & NON NEGL. MANSLAUGHTER                                ,7,4,8,4,2,1,1,2,1,2,0,2,1,2,0,37
14,RAPE                                  ,12,11,12,14,24,17,3,16,7,6,17,15,9,10,12,185
14,ROBBERY                               ,629,527,468,394,329,338,289,245,238,220,168,177,185,174,177,4558
14,FELONY ASSAULT                        ,393,314,313,265,229,197,182,195,172,163,182,178,191,172,165,3311
14,BURGLARY                              ,838,876,744,815,638,615,609,535,473,437,354,327,316,345,275,8197
14,GRAND LARCENY                         ,4870,4257,3628,3545,3449,3198,3056,2948,2793,2473,2325,2171,2176,2138,2090,45117
14,GRAND LARCENY OF MOTOR VEHICLE                                  ,108,99,92,68,59,57,33,30,24,29,23,26,18,22,25,713
14,TOTAL SEVEN MAJOR FELONY OFFENSES,6857,6088,5265,5105,4730,4423,4173,3971,3708,3330,3069,2896,2896,2863,2744,62118
17,MURDER & NON NEGL. MANSLAUGHTER                                ,1,0,1,1,0,0,2,1,1,0,0,0,2,0,0,9
17,RAPE                                  ,9,7,14,8,10,12,11,6,8,11,8,10,10,6,11,141
17,ROBBERY                               ,169,147,129,108,107,125,98,94,83,67,56,63,47,61,64,1418
17,FELONY ASSAULT                        ,79,103,73,94,85,79,72,72,75,47,54,53,80,64,46,1076
17,BURGLARY                              ,276,270,272,225,231,198,215,139,166,123,96,96,135,107,124,2673
17,GRAND LARCENY                         ,1363,1338,1220,1287,1175,933,957,920,891,741,745,694,721,766,634,14385
17,GRAND LARCENY OF MOTOR VEHICLE                                  ,131,125,92,73,59,50,36,45,45,29,31,21,25,20,30,812
17,TOTAL SEVEN MAJOR FELONY OFFENSES,2028,1990,1801,1796,1667,1397,1391,1277,1269,1018,990,937,1020,1024,909,20514
18,MURDER & NON NEGL. MANSLAUGHTER                                ,1,5,2,4,3,3,4,1,3,2,3,0,4,0,2,37
18,RAPE                                  ,14,14,15,19,26,20,6,12,8,7,15,11,14,14,10,205
18,ROBBERY                               ,430,397,325,267,257,270,227,166,165,124,137,137,123,125,129,3279
18,FELONY ASSAULT                        ,243,236,237,183,168,179,161,144,145,111,131,110,127,168,172,2515
18,BURGLARY                              ,678,483,479,465,387,399,296,266,247,232,188,183,171,175,213,4862
18,GRAND LARCENY                         ,4015,3926,3260,3042,3031,2680,2185,2105,2091,1967,1809,1758,1830,1753,1831,37283
18,GRAND LARCENY OF MOTOR VEHICLE                                  ,226,202,190,164,120,101,66,67,59,36,48,29,44,36,37,1425
18,TOTAL SEVEN MAJOR FELONY OFFENSES,5607,5263,4508,4144,3992,3652,2945,2761,2718,2479,2331,2228,2313,2271,2394,49606
19,MURDER & NON NEGL. MANSLAUGHTER                                ,3,1,3,2,0,4,1,5,1,2,1,3,0,0,0,26
19,RAPE                                  ,14,9,12,12,19,8,12,10,14,10,16,15,16,6,12,185
19,ROBBERY                               ,390,367,349,267,307,313,252,220,192,149,144,137,129,104,96,3416
19,FELONY ASSAULT                        ,200,130,116,136,94,96,106,111,75,68,96,108,120,97,103,1656
19,BURGLARY                              ,712,710,713,551,553,454,488,376,419,322,234,250,241,252,218,6493
19,GRAND LARCENY                         ,2326,2263,2112,2116,2138,1834,1848,1715,1580,1304,1291,1232,1452,1548,1402,26161
19,GRAND LARCENY OF MOTOR VEHICLE                                  ,543,304,301,226,215,183,135,145,90,85,89,83,78,57,82,2616
19,TOTAL SEVEN MAJOR FELONY OFFENSES,4188,3784,3606,3310,3326,2892,2842,2582,2371,1940,1871,1828,2036,2064,1913,40553
20,MURDER & NON NEGL. MANSLAUGHTER                                ,1,1,1,2,1,0,1,0,1,5,1,0,2,2,0,18
20,RAPE                                  ,6,8,7,14,7,6,7,7,7,4,11,11,12,10,8,125
20,ROBBERY                               ,177,174,187,154,167,156,148,118,123,99,90,76,96,81,53,1899
20,FELONY ASSAULT                        ,126,120,104,86,78,81,84,82,60,59,56,49,51,57,45,1138
20,BURGLARY                              ,228,170,242,247,207,194,145,126,150,120,101,74,105,85,88,2282
20,GRAND LARCENY                         ,998,891,797,885,1072,994,883,880,776,729,678,629,721,712,674,12319
20,GRAND LARCENY OF MOTOR VEHICLE                                  ,206,145,161,122,128,88,59,46,48,40,33,19,41,22,31,1189
20,TOTAL SEVEN MAJOR FELONY OFFENSES,1742,1509,1499,1510,1660,1519,1327,1259,1165,1056,970,858,1028,969,899,18970
22,MURDER & NON NEGL. MANSLAUGHTER                                ,0,1,1,0,0,0,0,0,0,0,0,0,0,0,0,2
22,RAPE                                  ,3,3,5,4,7,2,0,1,1,0,7,2,1,4,1,41
22,ROBBERY                               ,53,37,38,32,23,38,26,34,25,20,23,18,15,16,20,418
22,FELONY ASSAULT                        ,9,13,15,5,11,10,2,10,3,6,6,10,7,5,11,123
22,BURGLARY                              ,5,4,4,5,5,3,4,1,3,3,2,1,2,6,2,50
22,GRAND LARCENY                         ,54,75,77,50,55,54,75,57,65,40,63,70,76,73,48,932
22,GRAND LARCENY OF MOTOR VEHICLE                                  ,1,0,1,0,0,0,0,1,0,1,0,0,0,0,1,5
22,TOTAL SEVEN MAJOR FELONY OFFENSES,125,133,141,96,101,107,107,104,97,70,101,101,101,104,83,1571
23,MURDER & NON NEGL. MANSLAUGHTER                                ,9,10,8,8,5,11,10,10,3,9,5,5,2,4,4,103
23,RAPE                                  ,18,32,31,34,33,44,22,21,15,22,26,28,29,17,15,387
23,ROBBERY                               ,453,383,401,348,321,309,331,297,326,239,248,207,271,266,255,4655
23,FELONY ASSAULT                        ,419,344,288,302,242,245,215,203,202,210,217,242,263,256,254,3902
23,BURGLARY                              ,219,187,161,110,114,94,92,109,95,93,94,95,103,99,107,1772
23,GRAND LARCENY                         ,236,258,254,293,293,331,282,274,272,267,252,261,320,383,342,4318
23,GRAND LARCENY OF MOTOR VEHICLE                                  ,155,127,115,123,102,96,56,70,87,42,36,32,26,37,24,1128
23,TOTAL SEVEN MAJOR FELONY OFFENSES,1509,1341,1258,1218,1110,1130,1008,984,1000,882,878,870,1014,1062,1001,16265
24,MURDER & NON NEGL. MANSLAUGHTER                                ,3,3,2,5,0,2,5,2,4,3,2,5,4,2,1,43
24,RAPE                                  ,14,15,15,16,18,21,10,13,12,9,11,12,10,10,13,199
24,ROBBERY                               ,372,339,315,354,298,282,258,250,277,177,192,187,178,160,132,3771
24,FELONY ASSAULT                        ,199,187,145,167,141,141,131,110,116,136,102,126,131,152,121,2105
24,BURGLARY                              ,242,255,235,217,174,227,155,149,119,144,124,89,135,109,146,2520
24,GRAND LARCENY                         ,483,492,584,536,665,721,647,584,551,464,528,449,576,547,563,8390
24,GRAND LARCENY OF MOTOR VEHICLE                                  ,241,184,157,155,112,105,107,69,69,53,45,43,46,42,44,1472
24,TOTAL SEVEN MAJOR FELONY OFFENSES,1554,1475,1453,1450,1408,1499,1313,1177,1148,986,1004,911,1080,1022,1020,18500
25,MURDER & NON NEGL. MANSLAUGHTER                                ,10,7,7,6,8,8,9,10,4,3,13,9,10,3,5,112
25,RAPE                                  ,21,22,20,28,36,23,24,19,17,14,17,23,29,22,28,343
25,ROBBERY                               ,314,283,319,337,262,304,284,282,321,233,228,231,245,258,220,4121
25,FELONY ASSAULT                        ,351,298,278,253,275,234,254,232,211,219,234,227,286,286,335,3973
25,BURGLARY                              ,156,174,123,157,198,175,161,127,121,121,105,116,133,132,107,2106
25,GRAND LARCENY                         ,176,163,207,245,266,290,286,315,334,276,230,239,319,365,319,4030
25,GRAND LARCENY OF MOTOR VEHICLE                                  ,123,110,134,89,86,68,83,73,55,48,72,35,34,45,32,1087
25,TOTAL SEVEN MAJOR FELONY OFFENSES,1151,1057,1088,1115,1131,1102,1101,1058,1063,914,899,880,1056,1111,1046,15772
26,MURDER & NON NEGL. MANSLAUGHTER                                ,4,1,2,4,5,5,0,2,4,2,2,2,3,1,2,39
26,RAPE                                  ,6,9,12,12,25,19,12,8,16,10,13,7,10,9,16,184
26,ROBBERY                               ,225,218,232,213,230,270,250,206,201,197,175,154,145,135,125,2976
26,FELONY ASSAULT                        ,159,122,150,116,125,82,102,93,79,77,107,100,113,122,84,1631
26,BURGLARY                              ,201,124,123,127,111,108,102,71,78,58,79,57,60,59,59,1417
26,GRAND LARCENY                         ,380,333,292,363,343,365,367,347,331,272,268,269,324,343,311,4908
26,GRAND LARCENY OF MOTOR VEHICLE                                  ,117,123,111,94,70,64,56,53,49,34,26,27,23,20,20,887
26,TOTAL SEVEN MAJOR FELONY OFFENSES,1092,930,922,929,909,913,889,780,758,650,670,616,678,689,617,12042
28,MURDER & NON NEGL. MANSLAUGHTER                                ,5,8,3,5,8,5,12,4,5,2,6,6,5,2,1,77
28,RAPE                                  ,24,19,24,25,16,20,18,12,14,9,13,18,17,12,14,255
28,ROBBERY                               ,315,252,246,282,234,334,308,278,255,240,254,223,210,211,176,3818
28,FELONY ASSAULT                        ,314,291,226,186,217,187,196,167,189,208,187,213,241,222,202,3246
28,BURGLARY                              ,210,141,137,155,153,119,173,97,127,111,111,126,102,82,79,1923
28,GRAND LARCENY                         ,252,152,167,172,200,288,344,286,363,300,301,308,350,352,329,4164
28,GRAND LARCENY OF MOTOR VEHICLE                                  ,77,105,92,89,84,52,54,42,50,27,20,17,20,39,22,790
28,TOTAL SEVEN MAJOR FELONY OFFENSES,1197,968,895,914,912,1005,1105,886,1003,897,892,911,945,920,823,14273
30,MURDER & NON NEGL. MANSLAUGHTER                                ,9,11,9,5,9,6,12,5,3,1,7,2,2,3,7,91
30,RAPE                                  ,27,30,23,30,33,32,24,18,12,19,35,21,11,21,18,354
30,ROBBERY                               ,394,296,310,333,299,316,300,324,293,205,253,246,257,218,150,4194
30,FELONY ASSAULT                        ,353,390,306,272,285,250,228,235,172,193,178,189,189,181,202,3623
30,BURGLARY                              ,344,213,184,179,218,137,145,119,123,100,101,134,151,130,100,2378
30,GRAND LARCENY                         ,189,151,165,225,255,280,275,219,223,172,144,180,230,244,250,3202
30,GRAND LARCENY OF MOTOR VEHICLE                                  ,167,120,99,110,87,80,69,55,62,47,49,25,28,35,22,1055
30,TOTAL SEVEN MAJOR FELONY OFFENSES,1483,1211,1096,1154,1186,1101,1053,975,888,737,767,797,868,832,749,14897
32,MURDER & NON NEGL. MANSLAUGHTER                                ,17,22,14,13,18,9,17,9,13,11,8,10,11,7,6,185
32,RAPE                                  ,45,34,34,45,34,43,32,30,35,24,31,27,33,27,17,491
32,ROBBERY                               ,432,442,362,372,387,407,411,351,280,265,292,244,243,261,254,5003
32,FELONY ASSAULT                        ,510,487,444,411,407,356,361,305,329,302,305,321,279,295,299,5411
32,BURGLARY                              ,292,245,232,217,196,161,208,189,174,155,121,152,108,82,94,2626
32,GRAND LARCENY                         ,253,217,229,240,301,289,354,309,315,280,293,302,315,297,297,4291
32,GRAND LARCENY OF MOTOR VEHICLE                                  ,148,155,131,112,112,99,92,85,58,68,53,52,40,31,29,1265
32,TOTAL SEVEN MAJOR FELONY OFFENSES,1697,1602,1446,1410,1455,1364,1475,1278,1204,1105,1103,1108,1029,1000,996,19272
33,MURDER & NON NEGL. MANSLAUGHTER                                ,12,8,5,6,5,6,10,5,2,3,4,7,2,2,2,79
33,RAPE                                  ,19,21,28,25,16,27,30,13,18,15,21,27,19,19,19,317
33,ROBBERY                               ,295,280,290,314,284,269,245,227,247,225,246,230,214,202,145,3713
33,FELONY ASSAULT                        ,302,318,301,252,230,209,199,196,184,199,174,181,177,200,173,3295
33,BURGLARY                              ,295,199,168,173,180,148,142,140,136,134,102,129,163,118,111,2338
33,GRAND LARCENY                         ,185,193,251,252,292,228,219,244,258,231,271,242,276,357,327,3826
33,GRAND LARCENY OF MOTOR VEHICLE                                  ,201,195,189,179,116,113,103,93,76,69,66,61,43,29,34,1567
33,TOTAL SEVEN MAJOR FELONY OFFENSES,1309,1214,1232,1201,1123,1000,948,918,921,876,884,877,894,927,811,15135
34,MURDER & NON NEGL. MANSLAUGHTER                                ,8,7,7,9,5,10,10,1,3,2,4,8,5,1,1,81
34,RAPE                                  ,40,27,38,37,40,27,23,24,19,17,22,18,20,25,13,390
34,ROBBERY                               ,357,332,334,311,338,323,326,281,271,250,282,286,246,239,224,4400
34,FELONY ASSAULT                        ,275,280,275,260,242,241,202,231,216,198,220,236,207,178,204,3465
34,BURGLARY                              ,610,420,373,311,390,281,272,294,242,254,190,272,261,208,177,4555
34,GRAND LARCENY                         ,299,274,316,322,351,387,367,375,433,379,385,374,339,433,456,5490
34,GRAND LARCENY OF MOTOR VEHICLE                                  ,388,350,375,336,290,233,203,153,143,138,97,89,79,76,76,3026
34,TOTAL SEVEN MAJOR FELONY OFFENSES,1977,1690,1718,1586,1656,1502,1403,1359,1327,1238,1200,1283,1157,1160,1151,21407
40,MURDER & NON NEGL. MANSLAUGHTER                                ,13,27,16,16,8,10,14,14,15,14,14,21,12,8,7,209
40,RAPE                                  ,36,50,47,44,36,28,39,24,29,24,23,23,26,25,29,483
40,ROBBERY                               ,611,591,585,634,600,571,478,451,545,408,444,396,480,454,407,7655
40,FELONY ASSAULT                        ,592,505,489,498,484,418,446,438,389,422,435,453,392,511,469,6941
40,BURGLARY                              ,465,326,285,271,295,258,234,240,275,252,200,238,158,213,144,3854
40,GRAND LARCENY                         ,413,378,416,449,448,460,442,485,435,369,430,405,482,586,488,6686
40,GRAND LARCENY OF MOTOR VEHICLE                                  ,319,285,277,234,232,205,221,175,177,156,126,131,78,105,102,2823
40,TOTAL SEVEN MAJOR FELONY OFFENSES,2449,2162,2115,2146,2103,1950,1874,1827,1865,1645,1672,1667,1628,1902,1646,28651
41,MURDER & NON NEGL. MANSLAUGHTER                                ,5,12,7,6,4,10,14,8,3,6,5,5,8,2,4,99
41,RAPE                                  ,34,19,18,31,21,21,18,18,16,12,20,18,12,17,18,293
41,ROBBERY                               ,287,247,246,264,248,259,286,312,296,224,283,299,329,328,252,4160
41,FELONY ASSAULT                        ,716,561,435,401,388,386,348,339,371,405,399,431,556,732,353,6821
41,BURGLARY                              ,392,228,252,257,252,232,213,207,215,215,210,204,205,202,206,3490
41,GRAND LARCENY                         ,184,180,210,197,236,238,237,245,243,292,274,292,321,403,378,3930
41,GRAND LARCENY OF MOTOR VEHICLE                                  ,216,193,237,216,171,176,161,147,135,89,80,93,57,76,80,2127
41,TOTAL SEVEN MAJOR FELONY OFFENSES,1834,1440,1405,1372,1320,1322,1277,1276,1279,1243,1271,1342,1488,1760,1291,20920
42,MURDER & NON NEGL. MANSLAUGHTER                                ,12,18,18,10,10,7,17,8,14,15,13,10,8,12,5,177
42,RAPE                                  ,40,44,47,32,37,33,20,23,23,24,20,28,30,24,30,455
42,ROBBERY                               ,424,345,387,409,373,456,396,380,348,267,324,325,334,320,307,5395
42,FELONY ASSAULT                        ,491,469,373,340,386,381,354,321,291,303,318,316,340,405,424,5512
42,BURGLARY                              ,412,355,345,367,333,327,334,319,190,164,150,178,165,177,163,3979
42,GRAND LARCENY                         ,207,220,204,231,226,254,339,354,322,251,230,247,288,320,305,3998
42,GRAND LARCENY OF MOTOR VEHICLE                                  ,252,235,258,250,227,226,208,158,163,118,123,139,112,77,100,2646
42,TOTAL SEVEN MAJOR FELONY OFFENSES,1838,1686,1632,1639,1592,1684,1668,1563,1351,1142,1178,1243,1277,1335,1334,22162
43,MURDER & NON NEGL. MANSLAUGHTER                                ,16,14,28,10,15,14,12,6,13,13,14,19,18,9,9,210
43,RAPE                                  ,67,67,79,61,49,36,37,37,32,47,35,22,38,26,36,669
43,ROBBERY                               ,730,602,609,620,592,577,521,514,584,503,537,534,584,586,546,8639
43,FELONY ASSAULT                        ,639,633,606,509,521,533,535,525,475,491,509,537,541,600,667,8321
43,BURGLARY                              ,767,727,613,547,499,459,441,402,390,418,384,385,348,361,327,7068
43,GRAND LARCENY                         ,514,533,574,638,624,705,699,706,688,631,574,601,687,708,693,9575
43,GRAND LARCENY OF MOTOR VEHICLE                                  ,843,753,711,699,657,516,464,402,392,320,253,284,221,190,174,6879
43,TOTAL SEVEN MAJOR FELONY OFFENSES,3576,3329,3220,3084,2957,2840,2709,2592,2574,2423,2306,2382,2437,2480,2452,41361
44,MURDER & NON NEGL. MANSLAUGHTER                                ,25,30,26,23,17,16,13,21,20,11,14,19,8,9,15,267
44,RAPE                                  ,62,65,89,82,50,40,31,40,49,32,33,34,33,30,33,703
44,ROBBERY                               ,866,720,669,528,543,571,501,474,520,408,515,473,452,420,415,8075
44,FELONY ASSAULT                        ,789,701,670,583,605,525,586,530,491,585,558,557,670,709,687,9246
44,BURGLARY                              ,829,506,494,462,382,352,349,355,291,308,276,342,291,255,270,5762
44,GRAND LARCENY                         ,534,420,344,376,430,417,485,531,529,501,396,446,598,642,712,7361
44,GRAND LARCENY OF MOTOR VEHICLE                                  ,580,453,472,451,413,429,324,266,267,201,202,201,152,126,174,4711
44,TOTAL SEVEN MAJOR FELONY OFFENSES,3685,2895,2764,2505,2440,2350,2289,2217,2167,2046,1994,2072,2204,2191,2306,36125
45,MURDER & NON NEGL. MANSLAUGHTER                                ,7,5,3,4,7,4,4,6,4,1,1,6,2,5,0,59
45,RAPE                                  ,22,17,20,22,12,18,13,12,14,15,19,13,17,9,11,234
45,ROBBERY                               ,224,212,200,195,237,233,245,195,222,200,239,213,190,162,165,3132
45,FELONY ASSAULT                        ,206,194,162,161,166,183,157,194,125,168,180,162,187,163,165,2573
45,BURGLARY                              ,381,363,302,308,288,229,275,255,270,303,308,286,228,172,156,4124
45,GRAND LARCENY                         ,412,473,580,552,515,496,459,444,458,463,480,403,402,439,519,7095
45,GRAND LARCENY OF MOTOR VEHICLE                                  ,783,626,578,521,531,387,355,328,318,293,207,193,151,160,133,5564
45,TOTAL SEVEN MAJOR FELONY OFFENSES,2035,1890,1845,1763,1756,1550,1508,1434,1411,1443,1434,1276,1177,1110,1149,22781
46,MURDER & NON NEGL. MANSLAUGHTER                                ,23,19,16,8,18,22,18,18,15,13,12,20,13,9,14,238
46,RAPE                                  ,48,71,71,70,56,45,46,43,29,24,23,32,30,28,32,648
46,ROBBERY                               ,666,581,661,627,628,584,593,544,463,396,437,406,390,449,334,7759
46,FELONY ASSAULT                        ,641,690,663,621,524,515,492,481,399,432,410,401,451,475,517,7712
46,BURGLARY                              ,821,667,523,608,578,463,326,289,261,215,208,247,226,188,208,5828
46,GRAND LARCENY                         ,364,430,450,378,433,532,449,459,450,349,295,381,410,441,431,6252
46,GRAND LARCENY OF MOTOR VEHICLE                                  ,410,435,406,334,323,363,230,194,203,139,131,127,92,91,109,3587
46,TOTAL SEVEN MAJOR FELONY OFFENSES,2973,2893,2790,2646,2560,2524,2154,2028,1820,1568,1516,1614,1612,1681,1645,32024
47,MURDER & NON NEGL. MANSLAUGHTER                                ,29,17,24,27,18,11,17,18,15,18,23,21,16,9,17,280
47,RAPE                                  ,57,47,64,54,39,49,42,35,30,23,37,36,30,36,35,614
47,ROBBERY                               ,541,472,381,402,369,390,408,338,439,429,437,434,506,469,420,6435
47,FELONY ASSAULT                        ,509,423,405,380,378,373,437,423,441,436,427,487,517,561,548,6745
47,BURGLARY                              ,689,536,438,455,383,355,349,383,367,379,373,407,397,391,377,6279
47,GRAND LARCENY                         ,328,225,259,298,393,446,367,351,314,294,309,295,408,491,433,5211
47,GRAND LARCENY OF MOTOR VEHICLE                                  ,799,586,510,484,481,425,378,356,354,309,359,295,253,202,205,5996
47,TOTAL SEVEN MAJOR FELONY OFFENSES,2952,2306,2081,2100,2061,2049,1998,1904,1960,1888,1965,1975,2127,2159,2035,31560
48,MURDER & NON NEGL. MANSLAUGHTER                                ,17,13,7,8,13,9,17,8,13,7,5,12,9,4,10,152
48,RAPE                                  ,53,40,39,40,31,31,27,28,30,25,20,19,21,24,22,450
48,ROBBERY                               ,437,432,418,390,396,398,471,409,411,382,400,415,442,422,386,6209
48,FELONY ASSAULT                        ,513,432,439,343,309,287,242,337,323,362,368,342,385,460,499,5641
48,BURGLARY                              ,620,406,375,424,390,301,324,325,290,286,254,200,208,250,271,4924
48,GRAND LARCENY                         ,277,286,333,330,334,343,388,343,355,327,321,353,473,506,508,5477
48,GRAND LARCENY OF MOTOR VEHICLE                                  ,322,308,310,274,259,234,183,175,158,130,122,141,95,102,76,2889
48,TOTAL SEVEN MAJOR FELONY OFFENSES,2239,1917,1921,1809,1732,1603,1652,1625,1580,1519,1490,1482,1633,1768,1772,25742
49,MURDER & NON NEGL. MANSLAUGHTER                                ,13,5,5,8,4,4,8,6,7,7,10,3,8,2,6,96
49,RAPE                                  ,18,19,26,25,18,21,19,19,19,11,23,18,17,15,18,286
49,ROBBERY                               ,392,279,245,245,324,299,310,308,355,266,317,372,331,210,179,4432
49,FELONY ASSAULT                        ,297,246,216,183,157,182,197,213,205,214,262,259,268,218,183,3300
49,BURGLARY                              ,584,581,503,430,474,389,411,395,356,404,379,391,344,232,190,6063
49,GRAND LARCENY                         ,476,364,564,541,445,499,503,481,447,450,454,454,421,360,364,6823
49,GRAND LARCENY OF MOTOR VEHICLE                                  ,791,578,550,501,497,452,345,327,326,240,236,231,183,111,133,5501
49,TOTAL SEVEN MAJOR FELONY OFFENSES,2571,2072,2109,1933,1919,1846,1793,1749,1715,1592,1681,1728,1572,1148,1073,26501
50,MURDER & NON NEGL. MANSLAUGHTER                                ,5,8,5,3,4,5,8,4,2,1,5,4,6,2,1,63
50,RAPE                                  ,19,23,20,23,24,16,16,7,9,8,8,9,10,2,18,212
50,ROBBERY                               ,204,200,204,201,191,197,177,145,149,133,166,192,146,150,140,2595
50,FELONY ASSAULT                        ,182,156,122,153,148,147,144,152,142,112,118,115,131,149,137,2108
50,BURGLARY                              ,409,355,285,286,263,221,185,214,204,191,167,207,178,154,175,3494
50,GRAND LARCENY                         ,370,278,316,317,356,383,375,379,400,373,363,386,421,415,417,5549
50,GRAND LARCENY OF MOTOR VEHICLE                                  ,557,445,404,310,253,250,220,202,179,195,135,107,103,87,85,3532
50,TOTAL SEVEN MAJOR FELONY OFFENSES,1746,1465,1356,1293,1239,1219,1125,1103,1085,1013,962,1020,995,959,973,17553
52,MURDER & NON NEGL. MANSLAUGHTER                                ,25,23,16,13,8,17,13,13,11,7,11,8,6,12,7,190
52,RAPE                                  ,51,56,50,47,29,36,28,32,28,24,27,22,24,26,27,507
52,ROBBERY                               ,741,608,610,655,575,522,547,539,513,513,511,519,546,473,439,8311
52,FELONY ASSAULT                        ,621,555,563,471,475,436,469,455,453,403,455,396,398,484,541,7175
52,BURGLARY                              ,1071,772,778,721,735,632,500,505,448,502,433,448,415,354,371,8685
52,GRAND LARCENY                         ,505,547,548,474,612,600,571,609,641,547,556,635,634,737,706,8922
52,GRAND LARCENY OF MOTOR VEHICLE                                  ,645,560,497,496,472,454,310,272,271,223,188,146,139,120,103,4896
52,TOTAL SEVEN MAJOR FELONY OFFENSES,3659,3121,3062,2877,2906,2697,2438,2425,2365,2219,2181,2174,2162,2206,2194,38686
60,MURDER & NON NEGL. MANSLAUGHTER                                ,8,11,5,10,18,8,5,4,8,9,10,6,4,8,10,124
60,RAPE                                  ,26,28,29,14,12,26,13,8,15,10,18,12,23,18,21,273
60,ROBBERY                               ,536,458,431,446,350,366,365,316,328,240,263,251,299,309,267,5225
60,FELONY ASSAULT                        ,400,319,298,263,231,264,257,266,253,213,211,281,211,283,314,4064
60,BURGLARY                              ,445,299,294,278,279,277,231,198,174,149,163,200,257,214,193,3651
60,GRAND LARCENY                         ,575,434,497,443,443,574,605,567,568,533,542,483,562,523,592,7941
60,GRAND LARCENY OF MOTOR VEHICLE                                  ,393,262,277,256,175,171,148,133,107,96,116,89,79,66,68,2436
60,TOTAL SEVEN MAJOR FELONY OFFENSES,2383,1811,1831,1710,1508,1686,1624,1492,1453,1250,1323,1322,1435,1421,1465,23714
61,MURDER & NON NEGL. MANSLAUGHTER                                ,6,4,9,10,2,7,6,4,6,3,6,14,3,2,2,84
61,RAPE                                  ,19,17,24,19,9,20,12,10,5,10,5,11,10,19,12,202
61,ROBBERY                               ,521,363,356,365,289,279,264,241,290,191,152,190,259,248,227,4235
61,FELONY ASSAULT                        ,302,172,179,154,152,163,129,154,138,142,112,151,146,199,187,2480
61,BURGLARY                              ,959,701,625,643,607,465,375,386,416,310,248,255,369,346,342,7047
61,GRAND LARCENY                         ,882,641,745,794,895,835,698,595,669,484,397,435,752,726,797,10345
61,GRAND LARCENY OF MOTOR VEHICLE                                  ,896,616,592,524,396,385,318,228,228,162,187,146,129,126,131,5064
61,TOTAL SEVEN MAJOR FELONY OFFENSES,3585,2514,2530,2509,2350,2154,1802,1618,1752,1302,1107,1202,1668,1666,1698,29457
62,MURDER & NON NEGL. MANSLAUGHTER                                ,5,4,1,3,7,1,4,2,5,7,7,2,4,3,0,55
62,RAPE                                  ,22,17,14,10,21,11,7,12,10,6,13,12,8,16,11,190
62,ROBBERY                               ,352,298,284,226,305,250,252,211,277,205,175,172,214,235,159,3615
62,FELONY ASSAULT                        ,253,183,174,163,205,186,155,177,145,150,137,162,183,181,201,2655
62,BURGLARY                              ,769,642,623,540,496,579,458,396,345,330,301,250,255,308,303,6595
62,GRAND LARCENY                         ,504,482,561,654,640,647,656,568,527,474,457,456,503,552,513,8194
62,GRAND LARCENY OF MOTOR VEHICLE                                  ,612,485,442,380,283,311,266,217,165,160,159,158,131,110,99,3978
62,TOTAL SEVEN MAJOR FELONY OFFENSES,2517,2111,2099,1976,1957,1985,1798,1583,1474,1332,1249,1212,1298,1405,1286,25282
63,MURDER & NON NEGL. MANSLAUGHTER                                ,3,3,3,10,2,4,9,3,9,6,2,2,8,8,3,75
63,RAPE                                  ,12,19,15,19,12,20,13,7,7,12,17,16,15,13,6,203
63,ROBBERY                               ,353,263,248,325,267,284,269,235,292,257,225,234,238,165,192,3847
63,FELONY ASSAULT                        ,177,172,146,135,111,142,120,128,128,154,130,187,237,186,160,2313
63,BURGLARY                              ,399,304,283,258,236,219,237,315,278,241,273,257,251,196,176,3923
63,GRAND LARCENY                         ,545,492,546,583,680,671,726,682,687,596,529,517,534,636,567,8991
63,GRAND LARCENY OF MOTOR VEHICLE                                  ,704,490,460,390,326,312,271,207,188,174,159,126,106,92,107,4112
63,TOTAL SEVEN MAJOR FELONY OFFENSES,2193,1743,1701,1720,1634,1652,1645,1577,1589,1440,1335,1339,1389,1296,1211,23464
66,MURDER & NON NEGL. MANSLAUGHTER                                ,3,1,6,6,1,6,3,0,3,8,0,2,1,6,1,47
66,RAPE                                  ,19,19,20,9,13,17,8,10,10,14,11,8,7,7,8,180
66,ROBBERY                               ,349,285,266,222,215,259,230,210,220,180,178,190,183,137,142,3266
66,FELONY ASSAULT                        ,211,218,163,171,133,169,144,147,154,171,170,161,163,150,123,2448
66,BURGLARY                              ,663,548,536,443,448,362,382,354,367,394,383,335,324,277,285,6101
66,GRAND LARCENY                         ,396,343,360,460,479,484,504,543,487,442,387,447,464,474,498,6768
66,GRAND LARCENY OF MOTOR VEHICLE                                  ,560,459,378,325,294,273,206,158,146,154,135,130,102,140,97,3557
66,TOTAL SEVEN MAJOR FELONY OFFENSES,2201,1873,1729,1636,1583,1570,1477,1422,1387,1363,1264,1273,1244,1191,1154,22367
67,MURDER & NON NEGL. MANSLAUGHTER                                ,26,21,25,28,25,19,19,19,18,18,26,22,15,11,12,304
67,RAPE                                  ,71,53,60,48,49,44,28,22,21,24,31,45,32,50,41,619
67,ROBBERY                               ,743,685,676,528,492,523,508,412,494,408,417,521,496,519,478,7900
67,FELONY ASSAULT                        ,905,743,649,610,497,481,477,437,411,475,445,619,589,569,587,8494
67,BURGLARY                              ,851,848,712,603,537,540,533,472,445,432,405,458,452,388,351,8027
67,GRAND LARCENY                         ,561,603,628,596,644,663,665,617,616,499,522,513,647,677,687,9138
67,GRAND LARCENY OF MOTOR VEHICLE                                  ,829,702,594,522,538,466,389,383,305,272,274,277,209,169,166,6095
67,TOTAL SEVEN MAJOR FELONY OFFENSES,3986,3655,3344,2935,2782,2736,2619,2362,2310,2128,2120,2455,2440,2383,2322,40577
68,MURDER & NON NEGL. MANSLAUGHTER                                ,2,0,2,1,4,1,2,5,0,1,1,1,1,0,1,22
68,RAPE                                  ,13,18,11,9,11,11,8,7,9,6,6,9,16,4,13,151
68,ROBBERY                               ,233,197,155,148,153,144,142,133,154,118,103,101,112,98,93,2084
68,FELONY ASSAULT                        ,218,173,140,153,127,133,131,132,105,79,100,145,110,102,124,1972
68,BURGLARY                              ,479,461,538,454,408,380,368,309,340,219,240,206,200,236,195,5033
68,GRAND LARCENY                         ,333,429,466,473,468,496,524,435,382,407,317,366,393,388,408,6285
68,GRAND LARCENY OF MOTOR VEHICLE                                  ,523,409,358,333,317,294,261,194,184,156,147,122,113,119,111,3641
68,TOTAL SEVEN MAJOR FELONY OFFENSES,1801,1687,1670,1571,1488,1459,1436,1215,1174,986,914,950,945,947,945,19188
69,MURDER & NON NEGL. MANSLAUGHTER                                ,8,7,9,8,9,4,7,9,7,6,9,6,4,3,3,99
69,RAPE                                  ,28,36,39,28,19,25,9,16,18,16,15,16,8,13,14,300
69,ROBBERY                               ,481,355,401,433,346,286,314,215,238,254,229,233,220,241,202,4448
69,FELONY ASSAULT                        ,332,277,212,216,220,202,206,153,162,129,160,197,205,223,257,3151
69,BURGLARY                              ,431,293,247,235,234,208,198,189,208,172,253,231,308,255,225,3687
69,GRAND LARCENY                         ,394,339,343,411,396,456,475,388,355,305,244,273,314,363,354,5410
69,GRAND LARCENY OF MOTOR VEHICLE                                  ,577,438,457,418,333,294,206,189,205,201,113,127,78,88,98,3822
69,TOTAL SEVEN MAJOR FELONY OFFENSES,2251,1745,1708,1749,1557,1475,1415,1159,1193,1083,1023,1083,1137,1186,1153,20917
70,MURDER & NON NEGL. MANSLAUGHTER                                ,13,13,19,17,9,11,11,7,7,9,7,10,11,8,3,155
70,RAPE                                  ,51,62,48,51,42,27,38,27,33,11,24,21,15,25,22,497
70,ROBBERY                               ,1004,878,861,795,805,803,615,480,515,382,400,381,386,373,325,9003
70,FELONY ASSAULT                        ,593,537,456,449,376,390,369,468,346,337,362,336,266,276,315,5876
70,BURGLARY                              ,1005,908,889,794,682,543,524,478,408,370,322,338,354,321,294,8230
70,GRAND LARCENY                         ,877,670,783,842,851,888,936,793,864,759,672,703,739,720,674,11771
70,GRAND LARCENY OF MOTOR VEHICLE                                  ,882,621,534,518,460,323,267,213,202,209,184,123,118,109,92,4855
70,TOTAL SEVEN MAJOR FELONY OFFENSES,4425,3689,3590,3466,3225,2985,2760,2466,2375,2077,1971,1912,1889,1832,1725,40387
71,MURDER & NON NEGL. MANSLAUGHTER                                ,12,14,11,11,9,21,18,11,16,10,10,9,3,6,5,166
71,RAPE                                  ,30,38,43,32,26,26,18,17,13,23,13,20,16,17,19,351
71,ROBBERY                               ,674,581,501,492,393,444,425,386,421,308,273,300,321,328,294,6141
71,FELONY ASSAULT                        ,589,506,455,421,377,369,344,324,312,299,293,385,347,372,389,5782
71,BURGLARY                              ,690,491,619,494,454,378,322,316,304,251,307,236,213,195,179,5449
71,GRAND LARCENY                         ,589,525,449,500,454,471,464,452,429,429,423,380,616,639,533,7353
71,GRAND LARCENY OF MOTOR VEHICLE                                  ,457,444,343,273,312,306,272,223,159,154,150,122,126,80,81,3502
71,TOTAL SEVEN MAJOR FELONY OFFENSES,3041,2599,2421,2223,2025,2015,1863,1729,1654,1474,1469,1452,1642,1637,1500,28744
72,MURDER & NON NEGL. MANSLAUGHTER                                ,8,6,7,5,5,6,4,3,8,8,7,5,2,5,1,80
72,RAPE                                  ,28,33,27,22,26,24,21,10,7,11,20,25,23,22,15,314
72,ROBBERY                               ,500,413,338,339,331,311,272,281,300,226,251,242,209,232,199,4444
72,FELONY ASSAULT                        ,328,271,262,260,208,237,208,209,203,198,188,255,230,206,260,3523
72,BURGLARY                              ,561,554,433,498,424,375,359,263,244,243,245,204,178,177,188,4946
72,GRAND LARCENY                         ,328,297,347,438,456,430,402,382,357,339,372,388,397,437,420,5790
72,GRAND LARCENY OF MOTOR VEHICLE                                  ,404,402,390,386,318,288,223,166,194,147,119,99,113,127,102,3478
72,TOTAL SEVEN MAJOR FELONY OFFENSES,2157,1976,1804,1948,1768,1671,1489,1314,1313,1172,1202,1218,1152,1206,1185,22575
73,MURDER & NON NEGL. MANSLAUGHTER                                ,13,26,16,12,28,16,22,28,31,21,28,26,16,15,18,316
73,RAPE                                  ,56,56,33,47,40,43,35,33,29,37,35,31,35,42,34,586
73,ROBBERY                               ,700,636,657,554,531,559,605,569,597,541,501,542,579,470,421,8462
73,FELONY ASSAULT                        ,711,655,633,583,544,568,565,550,520,570,570,626,663,680,608,9046
73,BURGLARY                              ,468,538,459,411,389,337,301,280,312,266,281,338,316,291,275,5262
73,GRAND LARCENY                         ,404,413,397,411,419,467,445,469,502,449,446,443,485,465,423,6638
73,GRAND LARCENY OF MOTOR VEHICLE                                  ,362,292,264,262,262,184,176,198,163,127,148,129,155,131,100,2953
73,TOTAL SEVEN MAJOR FELONY OFFENSES,2714,2616,2459,2280,2213,2174,2149,2127,2154,2011,2009,2135,2249,2094,1879,33263
75,MURDER & NON NEGL. MANSLAUGHTER                                ,40,36,25,32,29,29,29,33,17,24,33,29,18,18,21,413
75,RAPE                                  ,102,92,106,100,86,66,58,44,57,50,61,54,75,61,70,1082
75,ROBBERY                               ,1169,1158,1099,983,900,767,805,841,822,682,763,780,846,909,817,13341
75,FELONY ASSAULT                        ,1061,1040,874,798,778,707,706,674,657,805,746,877,915,944,920,12502
75,BURGLARY                              ,763,618,482,574,609,527,464,461,443,449,471,512,657,638,530,8198
75,GRAND LARCENY                         ,688,730,801,809,893,861,769,821,837,698,707,821,986,1041,1081,12543
75,GRAND LARCENY OF MOTOR VEHICLE                                  ,952,838,713,752,662,557,488,388,406,336,322,320,283,291,312,7620
75,TOTAL SEVEN MAJOR FELONY OFFENSES,4775,4512,4100,4048,3957,3514,3319,3262,3239,3044,3103,3393,3780,3902,3751,55699
76,MURDER & NON NEGL. MANSLAUGHTER                                ,4,4,2,0,1,4,0,3,5,5,2,3,0,1,1,35
76,RAPE                                  ,13,5,10,9,9,4,9,7,3,1,2,7,8,7,5,99
76,ROBBERY                               ,181,133,135,180,145,146,135,127,96,75,99,126,114,104,85,1881
76,FELONY ASSAULT                        ,158,136,119,100,114,102,90,71,89,81,90,96,119,103,101,1569
76,BURGLARY                              ,192,205,195,148,164,159,118,91,115,114,105,97,101,92,96,1992
76,GRAND LARCENY                         ,181,157,163,161,238,252,220,219,220,222,228,264,240,282,293,3340
76,GRAND LARCENY OF MOTOR VEHICLE                                  ,149,108,94,119,113,110,94,52,61,60,59,38,48,48,51,1204
76,TOTAL SEVEN MAJOR FELONY OFFENSES,878,748,718,717,784,777,666,570,589,558,585,631,630,637,632,10120
77,MURDER & NON NEGL. MANSLAUGHTER                                ,18,19,15,15,15,12,23,15,19,13,20,10,10,12,8,224
77,RAPE                                  ,58,46,53,47,39,20,21,17,19,15,23,23,19,24,22,446
77,ROBBERY                               ,658,496,529,510,397,408,359,392,312,237,295,355,363,395,299,6005
77,FELONY ASSAULT                        ,539,498,474,397,421,351,300,332,241,220,301,355,342,392,388,5551
77,BURGLARY                              ,585,598,486,408,405,317,264,306,272,253,317,370,323,307,298,5509
77,GRAND LARCENY                         ,373,385,387,442,380,388,367,367,341,284,281,381,425,551,511,5863
77,GRAND LARCENY OF MOTOR VEHICLE                                  ,300,345,268,241,196,153,165,173,143,142,129,105,119,111,138,2728
77,TOTAL SEVEN MAJOR FELONY OFFENSES,2531,2387,2212,2060,1853,1649,1499,1602,1347,1164,1366,1599,1601,1792,1664,26326
78,MURDER & NON NEGL. MANSLAUGHTER                                ,1,0,4,1,3,3,3,1,3,1,1,0,1,1,0,23
78,RAPE                                  ,11,10,14,14,6,7,3,7,5,6,5,8,3,7,5,111
78,ROBBERY                               ,369,259,233,219,227,240,190,170,149,133,126,172,162,156,98,2903
78,FELONY ASSAULT                        ,157,112,85,62,80,77,96,86,70,60,45,70,77,81,82,1240
78,BURGLARY                              ,442,332,308,265,287,187,193,204,211,208,172,132,165,167,132,3405
78,GRAND LARCENY                         ,406,369,409,396,374,442,467,405,441,381,404,406,471,530,569,6470
78,GRAND LARCENY OF MOTOR VEHICLE                                  ,335,230,206,235,196,175,133,100,86,99,92,75,49,67,70,2148
78,TOTAL SEVEN MAJOR FELONY OFFENSES,1721,1312,1259,1192,1173,1131,1085,973,965,888,845,863,928,1009,956,16300
79,MURDER & NON NEGL. MANSLAUGHTER                                ,12,25,17,17,18,24,23,18,13,15,12,13,11,13,11,242
79,RAPE                                  ,53,43,50,42,57,39,35,29,23,24,29,34,18,26,26,528
79,ROBBERY                               ,693,649,596,615,607,593,536,554,552,375,433,512,476,394,316,7901
79,FELONY ASSAULT                        ,617,610,557,511,528,471,431,469,390,463,422,439,515,473,375,7271
79,BURGLARY                              ,461,463,323,343,313,409,373,421,422,374,408,352,328,244,362,5596
79,GRAND LARCENY                         ,313,307,387,394,389,409,430,446,472,402,405,406,468,482,446,6156
79,GRAND LARCENY OF MOTOR VEHICLE                                  ,328,341,298,271,256,172,168,194,168,116,120,91,100,106,132,2861
79,TOTAL SEVEN MAJOR FELONY OFFENSES,2477,2438,2228,2193,2168,2117,1996,2131,2040,1769,1829,1847,1916,1738,1668,30555
81,MURDER & NON NEGL. MANSLAUGHTER                                ,17,18,13,14,15,12,12,20,16,13,17,12,16,6,7,208
81,RAPE                                  ,32,29,38,35,29,18,23,24,10,11,24,16,21,17,29,356
81,ROBBERY                               ,433,420,409,426,410,425,423,392,375,327,353,336,352,338,318,5737
81,FELONY ASSAULT                        ,431,438,385,331,350,348,348,313,288,247,327,288,317,370,327,5108
81,BURGLARY                              ,447,380,388,349,329,266,286,297,291,261,245,298,335,252,310,4734
81,GRAND LARCENY                         ,207,227,252,247,273,300,322,372,310,311,360,423,434,433,445,4916
81,GRAND LARCENY OF MOTOR VEHICLE                                  ,242,201,187,196,143,139,152,121,106,116,83,85,96,79,115,2061
81,TOTAL SEVEN MAJOR FELONY OFFENSES,1809,1713,1672,1598,1549,1508,1566,1539,1396,1286,1409,1458,1571,1495,1551,23120
83,MURDER & NON NEGL. MANSLAUGHTER                                ,18,11,13,16,20,15,6,13,10,10,13,17,9,7,9,187
83,RAPE                                  ,48,56,42,44,48,45,35,34,29,36,36,29,40,29,24,575
83,ROBBERY                               ,597,562,519,515,465,468,520,434,449,375,460,446,473,392,343,7018
83,FELONY ASSAULT                        ,548,533,440,356,444,412,403,382,372,367,376,357,383,373,308,6054
83,BURGLARY                              ,699,530,608,644,553,469,539,483,456,483,477,481,520,397,496,7835
83,GRAND LARCENY                         ,251,289,321,298,312,369,306,341,351,308,298,375,430,553,482,5284
83,GRAND LARCENY OF MOTOR VEHICLE                                  ,392,327,317,319,267,271,263,201,211,157,176,118,180,152,134,3485
83,TOTAL SEVEN MAJOR FELONY OFFENSES,2553,2308,2260,2192,2109,2049,2072,1888,1878,1736,1836,1823,2035,1903,1796,30438
84,MURDER & NON NEGL. MANSLAUGHTER                                ,1,3,3,1,0,0,2,2,1,1,3,1,3,1,1,23
84,RAPE                                  ,7,6,18,4,5,12,6,5,4,3,2,3,5,4,6,90
84,ROBBERY                               ,360,284,287,308,230,244,217,228,247,153,184,171,181,156,142,3392
84,FELONY ASSAULT                        ,202,205,170,155,155,145,147,166,150,120,114,126,133,121,128,2237
84,BURGLARY                              ,309,306,259,174,181,150,156,159,146,112,119,145,141,101,115,2573
84,GRAND LARCENY                         ,744,767,792,690,695,713,684,647,593,549,513,561,552,653,604,9757
84,GRAND LARCENY OF MOTOR VEHICLE                                  ,190,155,138,114,100,106,71,53,58,55,52,45,23,38,42,1240
84,TOTAL SEVEN MAJOR FELONY OFFENSES,1813,1726,1667,1446,1366,1370,1283,1260,1199,993,987,1052,1038,1074,1038,19312
88,MURDER & NON NEGL. MANSLAUGHTER                                ,9,11,6,6,5,1,11,10,4,3,6,2,4,6,2,86
88,RAPE                                  ,20,14,26,25,11,9,6,11,7,4,8,14,10,11,3,179
88,ROBBERY                               ,435,424,339,400,333,324,263,217,240,196,237,294,276,218,194,4390
88,FELONY ASSAULT                        ,211,212,201,191,155,134,143,160,135,138,133,154,206,197,170,2540
88,BURGLARY                              ,265,231,238,189,214,232,186,152,173,182,184,126,209,146,182,2909
88,GRAND LARCENY                         ,347,331,403,351,449,443,469,478,459,403,477,444,449,433,410,6346
88,GRAND LARCENY OF MOTOR VEHICLE                                  ,371,327,265,227,183,161,120,116,102,88,101,80,82,82,100,2405
88,TOTAL SEVEN MAJOR FELONY OFFENSES,1658,1550,1478,1389,1350,1304,1198,1144,1120,1014,1146,1114,1236,1093,1061,18855
90,MURDER & NON NEGL. MANSLAUGHTER                                ,12,12,7,7,2,7,5,3,6,7,2,5,5,6,2,88
90,RAPE                                  ,24,19,37,23,27,21,24,14,10,8,9,23,11,17,15,282
90,ROBBERY                               ,563,529,488,453,438,430,403,424,432,331,380,385,387,303,253,6199
90,FELONY ASSAULT                        ,276,270,239,209,185,221,198,202,222,226,206,235,239,257,240,3425
90,BURGLARY                              ,532,483,552,578,549,490,584,362,428,482,476,313,348,277,333,6787
90,GRAND LARCENY                         ,326,373,372,409,416,473,551,526,628,478,495,584,601,667,652,7551
90,GRAND LARCENY OF MOTOR VEHICLE                                  ,333,349,416,353,348,311,260,195,166,138,165,189,125,142,160,3650
90,TOTAL SEVEN MAJOR FELONY OFFENSES,2066,2035,2111,2032,1965,1953,2025,1726,1892,1670,1733,1734,1716,1669,1655,27982
94,MURDER & NON NEGL. MANSLAUGHTER                                ,2,5,3,5,4,0,1,0,1,3,0,1,0,1,1,27
94,RAPE                                  ,5,6,6,9,8,5,3,6,3,2,2,3,12,16,10,96
94,ROBBERY                               ,211,195,172,159,154,162,148,158,131,119,132,128,134,117,93,2213
94,FELONY ASSAULT                        ,111,110,99,72,68,86,94,78,82,71,73,93,89,115,94,1335
94,BURGLARY                              ,250,229,254,327,318,275,240,265,229,221,243,157,213,190,241,3652
94,GRAND LARCENY                         ,167,179,165,190,192,260,256,276,314,307,308,317,411,493,481,4316
94,GRAND LARCENY OF MOTOR VEHICLE                                  ,258,262,296,266,246,209,210,132,145,122,147,114,91,111,113,2722
94,TOTAL SEVEN MAJOR FELONY OFFENSES,1004,986,995,1028,990,997,952,915,905,845,905,813,950,1043,1033,14361
100,MURDER & NON NEGL. MANSLAUGHTER                                ,5,1,2,4,1,2,2,1,5,2,1,1,2,3,1,33
100,RAPE                                  ,9,10,11,10,5,7,14,6,7,5,4,5,4,3,7,107
100,ROBBERY                               ,97,66,72,52,45,76,79,74,75,50,62,86,54,61,59,1008
100,FELONY ASSAULT                        ,110,94,82,88,73,68,65,84,87,93,79,130,133,147,136,1469
100,BURGLARY                              ,156,117,83,69,70,72,62,51,66,69,57,138,207,151,130,1498
100,GRAND LARCENY                         ,77,91,92,82,102,107,99,114,124,109,100,144,185,173,187,1786
100,GRAND LARCENY OF MOTOR VEHICLE                                  ,71,69,69,45,51,40,34,37,29,22,27,21,30,20,35,600
100,TOTAL SEVEN MAJOR FELONY OFFENSES,525,448,411,350,347,372,355,367,393,350,330,525,615,558,555,6501
101,MURDER & NON NEGL. MANSLAUGHTER                                ,9,6,6,12,9,6,7,4,10,8,6,8,7,3,5,106
101,RAPE                                  ,37,17,27,23,15,28,22,19,12,21,16,17,15,19,13,301
101,ROBBERY                               ,329,247,172,213,140,132,166,145,154,129,121,128,143,148,145,2512
101,FELONY ASSAULT                        ,307,304,197,179,146,127,148,184,186,171,159,183,245,212,279,3027
101,BURGLARY                              ,277,214,166,113,89,83,84,110,110,113,136,132,237,227,152,2243
101,GRAND LARCENY                         ,210,192,158,126,136,144,149,170,154,150,99,117,197,182,197,2381
101,GRAND LARCENY OF MOTOR VEHICLE                                  ,249,159,150,91,83,93,65,68,62,67,78,46,55,61,73,1400
101,TOTAL SEVEN MAJOR FELONY OFFENSES,1418,1139,876,757,618,613,641,700,688,659,615,631,899,852,864,11970
102,MURDER & NON NEGL. MANSLAUGHTER                                ,7,2,5,5,1,5,10,1,8,4,5,6,7,7,3,76
102,RAPE                                  ,28,27,31,33,30,23,24,24,27,23,14,23,29,24,15,375
102,ROBBERY                               ,552,473,448,349,312,361,335,323,338,286,272,269,326,311,234,5189
102,FELONY ASSAULT                        ,368,327,289,254,207,196,228,233,212,241,239,260,260,327,240,3881
102,BURGLARY                              ,705,648,479,429,379,417,419,392,329,366,358,298,315,288,293,6115
102,GRAND LARCENY                         ,447,357,429,444,453,448,424,408,455,409,356,419,443,490,496,6478
102,GRAND LARCENY OF MOTOR VEHICLE                                  ,970,808,786,622,521,447,413,322,339,282,290,254,232,252,256,6794
102,TOTAL SEVEN MAJOR FELONY OFFENSES,3077,2642,2467,2136,1903,1897,1853,1703,1708,1611,1534,1529,1612,1699,1537,28908
103,MURDER & NON NEGL. MANSLAUGHTER                                ,14,11,13,30,19,9,15,8,13,11,15,11,10,8,9,196
103,RAPE                                  ,31,36,40,48,49,44,38,27,32,32,21,37,34,37,20,526
103,ROBBERY                               ,640,553,569,437,428,453,448,426,475,392,480,436,438,438,392,7005
103,FELONY ASSAULT                        ,493,415,369,335,279,312,302,293,326,385,342,357,378,369,458,5413
103,BURGLARY                              ,526,465,372,326,352,349,352,318,290,300,257,252,310,300,281,5050
103,GRAND LARCENY                         ,630,617,530,493,501,483,544,598,515,463,419,405,495,487,493,7673
103,GRAND LARCENY OF MOTOR VEHICLE                                  ,571,488,413,431,384,330,257,230,201,178,169,204,175,172,144,4347
103,TOTAL SEVEN MAJOR FELONY OFFENSES,2905,2585,2306,2100,2012,1980,1956,1900,1852,1761,1703,1702,1840,1811,1797,30210
104,MURDER & NON NEGL. MANSLAUGHTER                                ,6,5,3,3,9,2,3,4,4,2,4,2,1,3,3,54
104,RAPE                                  ,14,15,20,15,22,23,29,11,17,13,21,14,15,15,18,262
104,ROBBERY                               ,408,356,406,410,323,309,309,297,301,279,263,262,279,256,180,4638
104,FELONY ASSAULT                        ,216,262,217,214,216,164,144,161,150,184,225,250,256,241,215,3115
104,BURGLARY                              ,905,768,785,732,572,514,525,458,389,450,448,401,390,339,292,7968
104,GRAND LARCENY                         ,449,542,620,551,592,555,514,430,533,500,431,543,529,572,575,7936
104,GRAND LARCENY OF MOTOR VEHICLE                                  ,1059,906,656,588,529,441,456,352,343,297,359,250,210,181,227,6854
104,TOTAL SEVEN MAJOR FELONY OFFENSES,3057,2854,2707,2513,2263,2008,1980,1713,1737,1725,1751,1722,1680,1607,1510,30827
105,MURDER & NON NEGL. MANSLAUGHTER                                ,8,17,14,13,10,9,9,10,9,9,15,5,8,3,7,146
105,RAPE                                  ,32,38,37,38,35,54,41,37,32,32,19,27,34,18,23,497
105,ROBBERY                               ,428,403,382,389,326,322,423,403,409,344,337,342,353,331,213,5405
105,FELONY ASSAULT                        ,317,327,325,281,317,280,254,277,248,237,270,278,290,313,353,4367
105,BURGLARY                              ,643,622,617,560,451,475,520,550,471,433,394,493,537,469,323,7558
105,GRAND LARCENY                         ,481,466,497,571,602,627,551,528,494,464,442,452,488,520,592,7775
105,GRAND LARCENY OF MOTOR VEHICLE                                  ,1046,918,758,739,595,483,424,339,344,362,383,421,320,263,232,7627
105,TOTAL SEVEN MAJOR FELONY OFFENSES,2955,2791,2630,2591,2336,2250,2222,2144,2007,1881,1860,2018,2030,1917,1743,33375
106,MURDER & NON NEGL. MANSLAUGHTER                                ,8,4,7,2,10,8,3,3,8,4,5,4,2,6,2,76
106,RAPE                                  ,33,19,12,27,23,17,27,21,19,11,18,10,16,19,25,297
106,ROBBERY                               ,472,353,283,235,290,322,394,320,348,245,261,267,312,328,272,4702
106,FELONY ASSAULT                        ,285,241,193,147,166,176,176,201,148,166,152,221,192,253,239,2956
106,BURGLARY                              ,619,416,263,220,333,316,332,335,304,313,306,330,373,346,251,5057
106,GRAND LARCENY                         ,459,363,319,294,360,392,378,389,411,388,366,378,485,522,537,6041
106,GRAND LARCENY OF MOTOR VEHICLE                                  ,982,783,612,465,422,396,386,315,314,272,324,283,220,191,237,6202
106,TOTAL SEVEN MAJOR FELONY OFFENSES,2858,2179,1689,1390,1604,1627,1696,1584,1552,1399,1432,1493,1600,1665,1563,25331
107,MURDER & NON NEGL. MANSLAUGHTER                                ,3,4,1,4,0,7,3,3,4,3,4,3,2,1,1,43
107,RAPE                                  ,18,19,14,15,22,23,19,17,12,12,14,13,10,7,24,239
107,ROBBERY                               ,373,374,388,379,323,385,322,291,301,260,256,237,243,242,192,4566
107,FELONY ASSAULT                        ,205,164,150,146,163,123,121,100,92,90,96,123,132,138,118,1961
107,BURGLARY                              ,587,627,754,713,558,361,433,448,376,289,276,269,261,244,172,6368
107,GRAND LARCENY                         ,601,586,540,563,724,735,688,619,612,479,447,432,465,517,457,8465
107,GRAND LARCENY OF MOTOR VEHICLE                                  ,916,800,633,629,458,414,396,282,227,216,232,214,173,149,146,5885
107,TOTAL SEVEN MAJOR FELONY OFFENSES,2703,2574,2480,2449,2248,2048,1982,1760,1624,1349,1325,1291,1286,1298,1110,27527
108,MURDER & NON NEGL. MANSLAUGHTER                                ,2,3,8,3,2,8,2,1,3,3,2,2,4,4,2,49
108,RAPE                                  ,21,17,10,24,12,27,13,16,9,12,17,11,16,15,15,235
108,ROBBERY                               ,423,307,351,275,271,239,178,206,211,163,195,155,191,160,157,3482
108,FELONY ASSAULT                        ,226,151,196,182,145,154,163,130,112,98,130,121,143,171,169,2291
108,BURGLARY                              ,758,549,625,582,489,399,398,331,295,264,256,291,244,244,229,5954
108,GRAND LARCENY                         ,562,580,659,587,594,501,515,498,516,488,456,506,463,572,563,8060
108,GRAND LARCENY OF MOTOR VEHICLE                                  ,771,711,541,571,489,367,315,261,211,190,198,181,136,166,143,5251
108,TOTAL SEVEN MAJOR FELONY OFFENSES,2763,2318,2390,2224,2002,1695,1584,1443,1357,1218,1254,1267,1197,1332,1278,25322
109,MURDER & NON NEGL. MANSLAUGHTER                                ,12,5,6,4,12,3,6,6,4,3,7,8,4,1,6,87
109,RAPE                                  ,25,23,17,20,17,34,20,18,17,13,17,19,11,31,21,303
109,ROBBERY                               ,431,379,386,398,305,380,261,235,278,276,211,252,267,243,178,4480
109,FELONY ASSAULT                        ,356,306,320,278,274,222,208,250,215,211,217,239,262,286,263,3907
109,BURGLARY                              ,936,964,1086,867,568,482,466,544,452,417,486,397,438,471,464,9038
109,GRAND LARCENY                         ,1077,1158,1215,1313,1312,1101,1008,890,898,808,682,696,775,904,884,14721
109,GRAND LARCENY OF MOTOR VEHICLE                                  ,1223,1079,992,750,660,480,479,313,379,290,290,288,214,210,221,7868
109,TOTAL SEVEN MAJOR FELONY OFFENSES,4060,3914,4022,3630,3148,2702,2448,2256,2243,2018,1910,1899,1971,2146,2037,40404
110,MURDER & NON NEGL. MANSLAUGHTER                                ,5,9,4,8,7,8,6,4,3,6,4,2,8,6,8,88
110,RAPE                                  ,31,46,39,39,39,44,44,44,34,32,28,22,25,32,28,527
110,ROBBERY                               ,645,616,574,571,497,487,439,400,391,332,360,332,351,341,282,6618
110,FELONY ASSAULT                        ,330,335,330,278,254,229,229,224,258,243,255,268,294,292,283,4102
110,BURGLARY                              ,591,480,636,542,535,508,441,434,334,316,293,316,315,279,332,6352
110,GRAND LARCENY                         ,544,635,617,657,708,751,759,738,772,626,552,551,667,692,571,9840
110,GRAND LARCENY OF MOTOR VEHICLE                                  ,676,498,473,382,350,304,242,163,169,146,145,122,113,105,109,3997
110,TOTAL SEVEN MAJOR FELONY OFFENSES,2822,2619,2673,2477,2390,2331,2160,2007,1961,1701,1637,1613,1773,1747,1613,31524
111,MURDER & NON NEGL. MANSLAUGHTER                                ,4,1,0,2,1,0,0,1,0,1,0,2,1,0,0,13
111,RAPE                                  ,5,3,6,4,9,1,4,8,1,4,6,6,6,3,1,67
111,ROBBERY                               ,141,156,101,99,106,121,136,82,97,87,81,79,73,73,44,1476
111,FELONY ASSAULT                        ,96,62,51,92,83,51,51,56,43,41,52,48,63,65,66,920
111,BURGLARY                              ,424,338,478,502,381,281,382,317,284,242,252,204,244,232,219,4780
111,GRAND LARCENY                         ,326,345,396,499,506,506,451,386,446,394,365,384,395,457,454,6310
111,GRAND LARCENY OF MOTOR VEHICLE                                  ,618,635,475,317,280,216,172,155,162,169,135,107,97,79,97,3714
111,TOTAL SEVEN MAJOR FELONY OFFENSES,1614,1540,1507,1515,1366,1176,1196,1005,1033,938,891,830,879,909,881,17280
112,MURDER & NON NEGL. MANSLAUGHTER                                ,0,0,1,0,4,2,0,3,1,2,1,2,0,0,0,16
112,RAPE                                  ,8,3,6,1,8,11,8,6,3,6,4,11,7,5,7,94
112,ROBBERY                               ,230,217,174,177,198,198,203,114,139,116,119,105,102,76,57,2225
112,FELONY ASSAULT                        ,103,93,75,59,64,75,62,54,74,65,59,62,84,59,60,1048
112,BURGLARY                              ,453,364,374,300,397,226,221,267,186,177,135,150,143,173,114,3680
112,GRAND LARCENY                         ,563,656,725,644,731,785,675,575,522,408,376,492,495,470,412,8529
112,GRAND LARCENY OF MOTOR VEHICLE                                  ,685,638,474,284,273,276,226,163,141,97,101,103,80,60,102,3703
112,TOTAL SEVEN MAJOR FELONY OFFENSES,2042,1971,1829,1465,1675,1573,1395,1182,1066,871,795,925,911,843,752,19295
113,MURDER & NON NEGL. MANSLAUGHTER                                ,12,10,14,17,17,13,6,13,15,12,19,17,16,7,9,197
113,RAPE                                  ,59,53,46,41,50,44,31,36,36,29,25,29,29,18,18,544
113,ROBBERY                               ,398,359,334,313,336,310,392,454,402,368,369,416,354,376,259,5440
113,FELONY ASSAULT                        ,432,394,305,272,314,294,323,332,334,327,352,482,488,459,464,5572
113,BURGLARY                              ,528,465,387,309,318,356,387,413,445,325,421,494,450,396,334,6028
113,GRAND LARCENY                         ,1171,859,651,675,723,737,707,706,725,671,688,687,761,637,570,10968
113,GRAND LARCENY OF MOTOR VEHICLE                                  ,782,526,557,467,407,404,334,318,326,261,264,241,269,162,220,5538
113,TOTAL SEVEN MAJOR FELONY OFFENSES,3382,2666,2294,2094,2165,2158,2180,2272,2283,1993,2138,2366,2367,2055,1874,34287
114,MURDER & NON NEGL. MANSLAUGHTER                                ,13,5,5,8,8,8,8,5,4,4,9,5,6,4,2,94
114,RAPE                                  ,25,34,35,35,40,38,41,19,21,22,16,26,41,29,23,445
114,ROBBERY                               ,612,590,535,487,472,436,450,321,334,313,332,331,321,247,262,6043
114,FELONY ASSAULT                        ,363,382,370,302,302,294,263,305,254,269,283,347,354,308,282,4678
114,BURGLARY                              ,950,872,752,600,551,539,429,448,525,466,482,466,473,383,447,8383
114,GRAND LARCENY                         ,716,772,746,764,927,962,908,933,770,745,642,647,696,709,708,11645
114,GRAND LARCENY OF MOTOR VEHICLE                                  ,1059,873,848,555,599,489,403,327,341,228,263,188,193,205,188,6759
114,TOTAL SEVEN MAJOR FELONY OFFENSES,3738,3528,3291,2751,2899,2766,2502,2358,2249,2047,2027,2010,2084,1885,1912,38047
115,MURDER & NON NEGL. MANSLAUGHTER                                ,5,4,9,7,5,3,5,5,4,8,3,4,5,3,6,76
115,RAPE                                  ,30,26,34,37,40,58,38,36,37,34,33,41,41,35,31,551
115,ROBBERY                               ,544,442,519,395,447,426,425,341,379,347,345,347,338,358,338,5991
115,FELONY ASSAULT                        ,341,318,308,259,276,284,301,261,284,329,325,360,329,341,352,4668
115,BURGLARY                              ,505,506,559,517,492,503,427,408,371,298,296,322,337,306,338,6185
115,GRAND LARCENY                         ,918,892,837,725,650,604,665,623,580,522,517,574,546,592,663,9908
115,GRAND LARCENY OF MOTOR VEHICLE                                  ,678,628,564,427,429,375,308,271,258,236,241,191,173,125,160,5064
115,TOTAL SEVEN MAJOR FELONY OFFENSES,3021,2816,2830,2367,2339,2253,2169,1945,1913,1774,1760,1839,1769,1760,1888,32443
120,MURDER & NON NEGL. MANSLAUGHTER                                ,20,7,9,8,6,9,16,7,13,12,13,12,7,4,7,150
120,RAPE                                  ,41,30,31,31,31,43,40,37,50,44,43,42,39,31,29,562
120,ROBBERY                               ,311,267,265,263,250,290,323,299,319,256,282,247,289,318,196,4175
120,FELONY ASSAULT                        ,435,445,391,274,379,345,302,316,295,298,295,382,477,415,266,5315
120,BURGLARY                              ,620,569,568,465,442,438,369,373,349,306,306,370,401,280,205,6061
120,GRAND LARCENY                         ,444,402,384,454,431,459,425,456,457,375,416,408,494,459,389,6453
120,GRAND LARCENY OF MOTOR VEHICLE                                  ,476,328,320,243,246,228,247,218,209,214,192,169,166,94,73,3423
120,TOTAL SEVEN MAJOR FELONY OFFENSES,2347,2048,1968,1738,1785,1812,1722,1706,1692,1505,1547,1630,1873,1601,1165,26139
121,MURDER & NON NEGL. MANSLAUGHTER                                ,0,0,0,0,0,0,0,0,0,0,0,0,0,1,4,5
121,RAPE                                  ,0,0,0,0,0,0,0,0,0,0,0,0,0,9,12,21
121,ROBBERY                               ,0,0,0,0,0,0,0,0,0,0,0,0,0,99,151,250
121,FELONY ASSAULT                        ,0,0,0,0,0,0,0,0,0,0,0,0,0,97,225,322
121,BURGLARY                              ,0,0,0,0,0,0,0,0,0,0,0,0,0,99,134,233
121,GRAND LARCENY                         ,0,0,0,0,0,0,0,0,0,0,0,0,0,215,393,608
121,GRAND LARCENY OF MOTOR VEHICLE                                  ,0,0,0,0,0,0,0,0,0,0,0,0,0,28,60,88
121,TOTAL SEVEN MAJOR FELONY OFFENSES,0,0,0,0,0,0,0,0,0,0,0,0,0,548,979,1527
122,MURDER & NON NEGL. MANSLAUGHTER                                ,3,4,3,0,1,5,2,3,7,3,2,2,2,2,3,42
122,RAPE                                  ,19,6,18,16,10,14,14,8,11,9,18,11,17,12,4,187
122,ROBBERY                               ,126,75,81,86,128,128,103,131,115,108,116,112,126,82,57,1574
122,FELONY ASSAULT                        ,157,141,137,113,137,127,90,89,95,114,141,127,148,102,108,1826
122,BURGLARY                              ,292,242,306,222,258,248,194,293,289,233,203,259,254,215,185,3693
122,GRAND LARCENY                         ,428,434,423,527,565,532,535,513,570,454,410,381,454,404,306,6936
122,GRAND LARCENY OF MOTOR VEHICLE                                  ,667,532,386,288,257,230,265,222,170,158,118,115,107,62,57,3634
122,TOTAL SEVEN MAJOR FELONY OFFENSES,1692,1434,1354,1252,1356,1284,1203,1259,1257,1079,1008,1007,1108,879,720,17892
123,MURDER & NON NEGL. MANSLAUGHTER                                ,2,2,0,1,1,1,2,2,1,1,2,2,1,0,1,19
123,RAPE                                  ,3,2,4,4,3,3,0,2,5,4,2,1,5,5,0,43
123,ROBBERY                               ,35,30,29,33,29,44,29,28,37,35,22,37,29,23,15,455
123,FELONY ASSAULT                        ,67,57,50,49,56,55,25,56,37,50,48,49,59,47,47,752
123,BURGLARY                              ,162,140,153,112,114,138,130,140,163,102,111,101,88,92,91,1837
123,GRAND LARCENY                         ,101,90,116,137,166,233,175,181,191,171,147,175,183,171,194,2431
123,GRAND LARCENY OF MOTOR VEHICLE                                  ,266,193,143,131,95,96,114,87,81,51,39,48,31,40,30,1445
123,TOTAL SEVEN MAJOR FELONY OFFENSES,636,514,495,467,464,570,475,496,515,414,371,413,396,378,378,6982
DOC,MURDER & NON NEGL. MANSLAUGHTER                                ,0,0,0,0,0,0,0,0,0,0,0,0,0,0,0,0
DOC,RAPE                                  ,0,0,0,0,0,0,0,0,0,0,0,0,0,0,0,0
DOC,ROBBERY                               ,0,0,0,0,0,0,0,0,0,0,0,0,0,0,6,6
DOC,FELONY ASSAULT                        ,0,0,0,0,0,0,0,0,0,0,0,0,0,0,402,402
DOC,BURGLARY                              ,0,0,0,0,0,0,0,0,0,0,0,0,0,0,0,0
DOC,GRAND LARCENY                         ,0,0,0,0,0,0,0,0,0,0,0,0,0,0,5,5
DOC,GRAND LARCENY OF MOTOR VEHICLE                                  ,0,0,0,0,0,0,0,0,0,0,0,0,0,0,0,0
DOC,TOTAL SEVEN MAJOR FELONY OFFENSES,0,0,0,0,0,0,0,0,0,0,0,0,0,0,413,413